time,Approach_Withdrawal,Interest,Cognitive_Load,Valence,Concentration
123.86310648918152,-0.5543476107731555,-0.05979157969882015,3.5165685776896645,0.5272517963125969,0.9937112593727673
